"23 herb formula to increase breast milk,68.4-83.6"
"Abacavir + Lamivudine + Zidovudine,96.12-117.48"
"Abemaciclib,0.684-0.836"
"Abhayarista,136.8-167.2"
"Abiraterone Acetate,198.702-242.858"
"Acacia + Dates + Asparagus + Edible Pine,68.4-83.6"
"Acalabrutinib,0.684-0.836"
"Acarbose,12.3255-15.0645"
"Aceclofenac,4.554-5.566"
"Acemetacin,5.49-6.71"
"Acetate Formulation [Hemodialysis Solution],6.84-8.36"
"Acetazolamide,1.368-1.672"
"Acetylcysteine,69.426-84.854"
"Acidic component [HCO3 Hemodialysis Solution],6.84-8.36"
"Acitretin,42.84-52.36"
"Aclidinium Bromide + Formoterol Fumarate,17.1-20.9"
"Activated Charcoal,6.768-8.272"
"Acyclovir (Injection),171.342-209.418"
"Acyclovir (Ophthalmic),2.736-3.344"
"Acyclovir (Oral),28.728-35.112"
"Acyclovir (Topical),5.13-6.27"
"Acyclovir + Hydrocortisone,5.13-6.27"
"Adalimumab,0.549-0.671"
"Adapalene,6.84-8.36"
"Adapalene + Benzoyl peroxide,10.26-12.54"
"Adefovir Dipivoxil,20.601-25.179"
"Adenosine,1.368-1.672"
"Adhatoda vasica + Centella asiatica,68.4-83.6"
"Adrenaline,0.684-0.836"
"Adsorbed Tetanus Vaccine,0.342-0.418"
"Afatinib Dimaleate,0.684-0.836"
"Aflibercept,68.4-83.6"
"Agomelatine,29.1195-35.5905"
"Albendazole,1.503-1.837"
"Albumin (Human),102.6-125.4"
"Alcaftadine,3.42-4.18"
"Alectinib,0.684-0.836"
"Alendronic acid,11.97-14.63"
"Alendronic Acid + Vitamin D3,18.8775-23.0725"
"Alfacalcidol,10.26-12.54"
"Alfuzosin Hydrochloride,6.8625-8.3875"
"Allium cepa + Heparin + Allantoin,13.68-16.72"
"Allopurinol,4.122-5.038"
"Allylestrenol,5.3865-6.5835"
"Almitrine Bismesylate + Raubasine,7.524-9.196"
"Almond + Coconut + Edible Pine + Salep,68.4-83.6"
"Almotriptan,17.127-20.933"
"Aloe + Black Pepper + Henbane,1.368-1.672"
"Aloe indica+ Hyoscyamus niger + Piper nigrum,5.472-6.688"
"Alogliptin Benzoate,10.26-12.54"
"Alpha Lipoic Acid,37.395-45.705"
"Alphanate,3.42-4.18"
"Alprazolam,3.087-3.773"
"Alteplase,34.2-41.8"
"Aluminium Chloride + Melaleuca Alternifolia Oil + Geothermal water,34.2-41.8"
"Aluminium Chloride Hexahydrate,34.2-41.8"
"Aluminium Hydroxide + Magnesium Hydroxide,85.635-104.665"
"Aluminium Hydroxide + Magnesium Hydroxide + Simethicone,68.6565-83.9135"
"Aluminium Oxide + Magnesium Trisilicate,136.8-167.2"
"Alverine Citrate,3.762-4.598"
"Amalaki Rasayana,136.8-167.2"
"Amantadine Hydrochloride,35.226-43.054"
"Ambar Momiyaee,19.665-24.035"
"Ambergris + Salep + Galangal,47.88-58.52"
"Ambrisentan,27.405-33.495"
"Ambroxol Hydrochloride,3.42-4.18"
"Amikacin,1.368-1.672"
"Amino Acid,342-418"
"Amino Acid + Calcium,25.308-30.932"
"Amino Acid + Dextrose + Eloctrolytes,342-418"
"Amino Acid + D-Sorbitol + Electrolytes,205.2-250.8"
"Amino Acid + Glucose + Electrolytes,256.5-313.5"
"Amino Acid Keto Analogues,27.36-33.44"
"Aminocaproic acid,5.13-6.27"
"Aminophylline,1.845-2.255"
"Amiodarone Hydrochloride,7.2045-8.8055"
"Amisulpride,17.784-21.736"
"Amitriptyline Hydrochloride,0.774-0.946"
"Amitriptyline Hydrochloride + Chlordiazepoxide,5.13-6.27"
"Amlexanox,3.42-4.18"
"Amlodipine Besilate,3.5955-4.3945"
"Amlodipine Besilate + Atenolol,3.771-4.609"
"Amlodipine Besilate + Atorvastatin,6.5205-7.9695"
"Amlodipine Besilate + Benazepril Hydrochloride,4.8105-5.8795"
"Amlodipine Besilate + Olmesartan Medoxomil,9.234-11.286"
"Amlodipine Besilate + Telmisartan,10.944-13.376"
"Amlodipine Besilate + Valsartan,29.1015-35.5685"
"Amorolfine Hydrochloride (cream),6.84-8.36"
"Amorolfine Hydrochloride (Nail Lacquer),2.052-2.508"
"Amoxicillin + Clavulanic Acid,205.6095-251.3005"
"Amoxicillin Trihydrate,171.342-209.418"
"Amphotericin B,34.2-41.8"
"Ampicillin Sodium,171.7245-209.8855"
"Anastrozole,30.78-37.62"
"Andrographis paniculata,3.42-4.18"
"Anidulafungin,68.4-83.6"
"Aniseed + Indian dill + Black cardamom + Peppermint,68.4-83.6"
"Antacid [Unani],0.684-0.836"
"Antazoline + Tetryzoline,6.84-8.36"
"Antihemophilic Factor [Factor VIII],171-209"
"Antioxidants and Micronutrients,20.52-25.08"
"Anti-Thymocyte Globulin,17.1-20.9"
"Apis mellifica + Gelsemium sempervirens + Gnaphalium,77.292-94.468"
"Apixaban,11.97-14.63"
"Apremilast,29.07-35.53"
"Aprepitant,66.735-81.565"
"Arabinoxylan,34.542-42.218"
"Aravindasav,68.4-83.6"
"Arformoterol Tartrate,1.368-1.672"
"Aripiprazole,17.784-21.736"
"Arjunarista,136.8-167.2"
"Armodafinil,13.68-16.72"
"Artemether + Lumefantrine,26.3745-32.2355"
"Artesunate,7.551-9.229"
"Articaine Hydrochloride + Epinephrine,1.233-1.507"
"Ashokarista,136.8-167.2"
"Aspartame,0.54-0.66"
"Aspirin,34.3035-41.9265"
"Aspirin + Dipyridamole,8.208-10.032"
"Astaxanthin,10.9845-13.4255"
"Aswagandharista,136.8-167.2"
"Atenolol,0.6255-0.7645"
"Atenolol + Chlorthalidone,1.71-2.09"
"Atezolizumab,820.8-1003.2"
"Atomoxetine Hydrochloride,5.472-6.688"
"Atorvastatin + Ezetimibe,12.312-15.048"
"Atorvastatin Calcium,15.4305-18.8595"
"Atosiban Acetate,2.016-2.464"
"Atracurium Besilate,1.71-2.09"
"Atropine Sulfate,3.762-4.598"
"Aushokarist [Saraca Indica],136.8-167.2"
"Avanafil,37.62-45.98"
"Axitinib,171.342-209.418"
"Azathioprine,10.944-13.376"
"Azelaic Acid,6.84-8.36"
"Azelastine Hydrochloride (Eye drop),3.42-4.18"
"Azelastine Hydrochloride (Nasal Spray),82.08-100.32"
"Azelastine Hydrochloride + Fluticasone Propionate,82.08-100.32"
"Azilsartan Medoxomil,11.628-14.212"
"Azilsartan Medoxomil + Chlorthalidone,15.048-18.392"
"Azithromycin Dihydrate,0.684-0.836"
"Azithromycin Dihydrate (Ophthalmic),1.71-2.09"
"Aztreonam,0.684-0.836"
"Bacillus Clausii spores,3.42-4.18"
"Bacitracin Zinc + Polymyxin B Sulfate,2.736-3.344"
"Baclofen,35.739-43.681"
"Bacopa extract [Natural memory enhancer],68.4-83.6"
"Balanced Salt Solution,205.2-250.8"
"Balarista,136.8-167.2"
"Baloxavir Marboxil,0.684-0.836"
"Bambuterol Hydrochloride,34.713-42.427"
"Bandish [Oak Galls,2.052-2.508"
"Baricitinib,20.52-25.08"
"Barium Sulfate,102.6-125.4"
"Barsina,2.052-2.508"
"Basiliximab,13.68-16.72"
"Beclometasone Dipropionate + Formoterol Fumarate,136.8-167.2"
"Beclomethasone Dipropionate (Inhaler),136.8-167.2"
"Beclomethasone Dipropionate (Nasal Spray),109.44-133.76"
"Beclomethasone Dipropionate + Chloramphenicol + Clotrimazole + Lidocaine,3.42-4.18"
"Belgiri [Bael fruit + Connessi bark],68.4-83.6"
"Bempedoic acid,20.52-25.08"
"Bendamustine,17.1-20.9"
"Benzalkonium chloride,342-418"
"Benzathine Penicillin,6.156-7.524"
"Benzocaine,3.42-4.18"
"Benzocaine + Butamben + Tetracaine Hydrochloride,20.52-25.08"
"Benzoic Acid + Salicylic Acid,10.602-12.958"
"Benzoyl Peroxide,22.23-27.17"
"Benzydamine Hydrochloride,126.54-154.66"
"Benzyl Benzoate,174.42-213.18"
"Benzyl Penicillin,5.13-6.27"
"Bepotastine Besilate,3.42-4.18"
"Besifloxacin,3.42-4.18"
"Betacarotene + Vitamin C + Vitamin E,3.5055-4.2845"
"Betahistine Dihydrochloride,2.3985-2.9315"
"Betahistine Mesylate,1.377-1.683"
"Betamethasone,0.5535-0.6765"
"Betamethasone + Calcipotriol,15.39-18.81"
"Betamethasone + Clotrimazole,8.55-10.45"
"Betamethasone + Clotrimazole + Gentamicin,8.55-10.45"
"Betamethasone + Neomycin Sulphate (E/E),2.736-3.344"
"Betamethasone + Neomycin Sulphate (Topical),6.156-7.524"
"Betamethasone + Phenylephrine + Lignocaine,10.26-12.54"
"Betamethasone Dipropionate,13.68-16.72"
"Betamethasone Dipropionate + Salicylic Acid,13.68-16.72"
"Betamethasone Sodium Phosphate,3.42-4.18"
"Betamethasone Valerate,8.55-10.45"
"Betaxolol Hydrochloride,3.42-4.18"
"Betrixaban,61.56-75.24"
"Bevacizumab,171-209"
"Bicalutamide,37.62-45.98"
"Bicarbonate Component [HCO3 Hemodialysis Solution],6.84-8.36"
"Bilastine,6.84-8.36"
"Bilberry fruit [Vaccinium myrtillus L],13.68-16.72"
"Bimatoprost,2.736-3.344"
"Bimatoprost + Timolol,2.052-2.508"
"Biotin,15.39-18.81"
"Biphasic Insulin Aspart [rDNA],2.052-2.508"
"Bisacodyl,0.486-0.594"
"Bismuth Subsalicylate,102.6-125.4"
"Bisoprolol Fumarate + Amlodipine Besilate,5.472-6.688"
"Bisoprolol Fumarate + Hydrochlorothiazide,8.271-10.109"
"Bisoprolol Hemifumarate,10.089-12.331"
"Bitter Melon [Korola],2.052-2.508"
"Bivalirudin,171-209"
"Black Cohosh [Cimicifuga Racemosa],3.42-4.18"
"Bleomycin Sulfate,10.26-12.54"
"Bortezomib,1.026-1.254"
"Bosentan Monohydrate,102.6-125.4"
"Brahmi Rasayan,68.4-83.6"
"Brexpiprazole,8.55-10.45"
"Brigatinib,1.368-1.672"
"Brimonidine Tartrate,3.42-4.18"
"Brimonidine Tartrate + Timolol Maleate,3.42-4.18"
"Brinzolamide,3.42-4.18"
"Brinzolamide + Brimonidine Tartrate,3.42-4.18"
"Brinzolamide + Timolol,3.42-4.18"
"Brivaracetam,49.59-60.61"
"Bromazepam,3.249-3.971"
"Bromelain + Trypsin,4.104-5.016"
"Bromfenac Sodium,3.42-4.18"
"Bromhexine Hydrochloride,34.4385-42.0915"
"Bromocriptine Mesylate,11.0205-13.4695"
"Budesonide (Inhaler),136.8-167.2"
"Budesonide (Nasal Spray),82.08-100.32"
"Budesonide (Nebuliser Suspension),1.368-1.672"
"Budesonide (Tablet),20.52-25.08"
"Budesonide + Formoterol Fumarate,308.142-376.618"
"Bumetanide,6.84-8.36"
"Bupivacaine Hydrochloride,17.1-20.9"
"Bupivacaine Hydrochloride + Dextrose,2.736-3.344"
"Bupropion Hydrochloride,6.8625-8.3875"
"Busulfan,7.047-8.613"
"Butamirate Citrate,71.145-86.955"
"Butenafine Hydrochloride,8.55-10.45"
"Buzuri,68.4-83.6"
"Cabazitaxel,1.026-1.254"
"Cabergoline,54.72-66.88"
"Cabozantinib,239.742-293.018"
"Calamine + Zinc Oxide + Glycerine,68.4-83.6"
"Calcipotriol Monohydrate,13.68-16.72"
"Calcitriol,7.2045-8.8055"
"Calcitriol + Calcium Citrate,6.498-7.942"
"Calcium + Vitamin D3 + Vitamin C + Vitamin E + Multimineral,3.6-4.4"
"Calcium Acetate,3.087-3.773"
"Calcium Carbonate,10.7775-13.1725"
"Calcium Carbonate [Algae source] + Vitamin D3,7.866-9.614"
"Calcium Carbonate [Coral source] + Vitamin D3,7.866-9.614"
"Calcium Carbonate [Eggshell Source] + Vitamin D3,8.55-10.45"
"Calcium Carbonate [Elemental source] + Vitamin D3,11.286-13.794"
"Calcium Carbonate + Vitamin D3 + Multimineral,8.208-10.032"
"Calcium Dobesilate,13.68-16.72"
"Calcium Dobesilate + Lidocaine + Dexamethasone,20.52-25.08"
"Calcium Folinate [Folinic Acid],71.478-87.362"
"Calcium Gluconate,5.13-6.27"
"Calcium Lactate,34.2945-41.9155"
"Calcium Lactate Gluconate + Calcium Carbonate + Vitamin C,7.7985-9.5315"
"Calcium Lactate Gluconate + Calcium Carbonate + Vitamin C + Vitamin D3,6.156-7.524"
"Calcium Lactate Gluconate + Calcium Carbonate + Vitamin D3,10.944-13.376"
"Calcium Lactate Gluconate + Coral Calcium + Vitamin C + Vitamin D3,8.208-10.032"
"Calcium Orotate,5.823-7.117"
"Calcium Pantothenate,68.4-83.6"
"Calcium Polystyrene Sulfonate,102.6-125.4"
"Calendula Officinalis [Marigold],6.84-8.36"
"Camphor + Menthol + Oil Clove + Oil Eucalyptus + Oil Turpentine,13.68-16.72"
"Camphor + Thymol + Menthol + Eucalyptus oil,34.2-41.8"
"Canagliflozin Hemihydrate,39.555-48.345"
"Candesartan Cilexetil,5.823-7.117"
"Candesartan Cilexetil + Hydrochlorothiazide,4.104-5.016"
"Capecitabine,63.27-77.33"
"Caprylic + Capric Triglyceride,76.95-94.05"
"Capsaicin,13.68-16.72"
"Captopril,2.6595-3.2505"
"Carbamazepine,35.4015-43.2685"
"Carbetocin,0.684-0.836"
"Carbimazole,2.736-3.344"
"Carbocisteine,35.055-42.845"
"Carbonyl Iron + Folic Acid,1.683-2.057"
"Carbonyl Iron + Folic Acid + Zinc Sulfate,2.8395-3.4705"
"Carbonyl Iron + Folic Acid + Zinc Sulfate + Vitamin B Complex + Vitamin C,2.7405-3.3495"
"Carboplatin,205.2-250.8"
"Carboprost Tromethamine,0.684-0.836"
"Carboxymethylcellulose Sodium,8.55-10.45"
"Carboxymethylcellulose Sodium + Glycerin,6.84-8.36"
"Carboxymethylcellulose Sodium + Hypromellose,6.84-8.36"
"Carica Papaya Leaf Extract,10.26-12.54"
"Carisoprodol,4.104-5.016"
"Carmellose Sodium,6.84-8.36"
"Carvedilol,4.293-5.247"
"Casirivimab + Imdevimab,558.144-682.176"
"Cefaclor Monohydrate,39.33-48.07"
"Cefadroxil Monohydrate,38.214-46.706"
"Cefazolin Sodium,342.342-418.418"
"Cefdinir,30.78-37.62"
"Cefditoren,136.8-167.2"
"Cefepime Hydrochloride,171.342-209.418"
"Cefixime Trihydrate,37.62-45.98"
"Cefoperazone Sodium,171.342-209.418"
"Cefotaxime,171.342-209.418"
"Cefpodoxime Proxetil,21.906-26.774"
"Cefpodoxime Proxetil + Clavulanic Acid,23.9895-29.3205"
"Cefprozil,29.133-35.607"
"Ceftazidime + Avibactam,1.71-2.09"
"Ceftazidime Pentahydrate,171.342-209.418"
"Ceftibuten Dihydrate,61.686-75.394"
"Ceftriaxone Sodium,171.342-209.418"
"Cefuroxime Axetil,256.842-313.918"
"Cefuroxime Axetil + Clavulanic Acid,38.988-47.652"
"Celecoxib,4.104-5.016"
"Celiprolol Hydrochloride,7.866-9.614"
"Cephalexin,35.568-43.472"
"Cephradine,171.342-209.418"
"Ceritinib,215.0055-262.7845"
"Cetalkonium Chloride + Choline Salicylate,6.84-8.36"
"Cetirizine Hydrochloride,20.862-25.498"
"Cetirizine Hydrochloride (Ophthalmic),3.42-4.18"
"Cetrorelix Acetate,171-209"
"Cetuximab,13.68-16.72"
"Chebulic Myrobalan + Barberry,2.052-2.508"
"Chirata [Swertia Chirata],2.736-3.344"
"Chlorambucil,31.104-38.016"
"Chloramphenicol (Ophthalmic),4.446-5.434"
"Chloramphenicol (Oral),21.204-25.916"
"Chloramphenicol + Lidocaine Hydrochloride,6.84-8.36"
"Chlorhexidine Gluconate [0.2%],119.7-146.3"
"Chlorhexidine Gluconate [1%],30.78-37.62"
"Chlorhexidine Gluconate [4%],171-209"
"Chlorhexidine Gluconate [7.1%],6.84-8.36"
"Chlorhexidine Gluconate + Cetrimide,171.342-209.418"
"Chlorhexidine Gluconate + Isopropyl alcohol,102.6-125.4"
"Chlorhexidine Hydrochloride + Cetrimide,15.39-18.81"
"Chlorhexidine hydrochloride + Nystatin,20.52-25.08"
"Chloroquine Phosphate,34.542-42.218"
"Chloroxylenol,51.3-62.7"
"Chloroxylenol + Triclosan,34.2-41.8"
"Chlorpheniramine Maleate,68.4405-83.6495"
"Chlorpromazine Hydrochloride,10.467-12.793"
"Chlorthalidone,3.42-4.18"
"Cholera Saline,178.65-218.35"
"Choriogonadotropin Alpha,0.342-0.418"
"Ciclesonide (Inhalation Aerosol),82.08-100.32"
"Ciclesonide (Nasal Spray),82.08-100.32"
"Ciclopirox Olamine (Cream),10.26-12.54"
"Ciclopirox Olamine (Nail Lacquer),2.259-2.761"
"Ciclopirox Olamine (Shampoo),68.4-83.6"
"Cilnidipine,4.104-5.016"
"Cilostazol,6.5295-7.9805"
"Cinchocaine + Hydrocortisone + Framycetin + Esculin,7.875-9.625"
"Cinchocaine + Hydrocortisone + Neomycin + Esculin,7.866-9.614"
"Cinnarizine,0.513-0.627"
"Cinnarizine + Dimenhydrinate,1.206-1.474"
"Ciprofibrate,10.26-12.54"
"Ciprofloxacin,87.057-106.403"
"Ciprofloxacin (Ophthalmic),4.446-5.434"
"Ciprofloxacin + Dexamethasone,3.42-4.18"
"Ciprofloxacin + Hydrocortisone Acetate,6.84-8.36"
"Cisplatin,20.52-25.08"
"Citalopram Hydrobromide,4.4775-5.4725"
"Citicoline Sodium,18.468-22.572"
"Citric Acid Monohydrate,68.4-83.6"
"Clarithromycin,179.55-219.45"
"Clascoterone,6.84-8.36"
"Clindamycin,34.884-42.636"
"Clindamycin (Lotion),17.1-20.9"
"Clindamycin (Vaginal Cream),13.68-16.72"
"Clindamycin + Benzoyl peroxide,11.97-14.63"
"Clindamycin + Tretinoin,8.55-10.45"
"Clioquinol + Flumetasone Pivalate,3.42-4.18"
"Clobazam,2.592-3.168"
"Clobetasol Propionate (Scalp Preparation),29.07-35.53"
"Clobetasol Propionate (Topical Preparation),10.26-12.54"
"Clobetasol Propionate + Neomycin Sulphate + Nystatin,13.68-16.72"
"Clobetasol Propionate + Ofloxacin + Ornidazole + Terbinafine,11.88-14.52"
"Clobetasol Propionate + Salicylic Acid,13.68-16.72"
"Clobetasone Butyrate,11.97-14.63"
"Clomiphene Citrate,9.5985-11.7315"
"Clomipramine Hydrochloride,5.0445-6.1655"
"Clonazepam,4.788-5.852"
"Clonidine Hydrochloride,5.481-6.699"
"Clopidogrel + Aspirin,6.9615-8.5085"
"Clopidogrel Bisulphate,7.9245-9.6855"
"Clostridium Botulinum Toxin Type A Neurotoxin,68.4-83.6"
"Clotrimazole (Ear drop),6.84-8.36"
"Clotrimazole (Eye ointment),2.736-3.344"
"Clotrimazole (Topical),6.21-7.59"
"Clotrimazole (Vaginal suppository),13.77-16.83"
"Clotrimazole (Vaginal tablet),27.4995-33.6105"
"Clotrimazole + Hydrocortisone,6.84-8.36"
"Clove oil,68.4-83.6"
"Cloxacillin Sodium,172.368-210.672"
"Clozapine,4.7295-5.7805"
"Coagulation Factor VIIa [Eptacog Alfa],0.684-0.836"
"Coal Tar,34.2-41.8"
"Coal Tar + Precipitated Sulphur + Salicylic Acid,20.52-25.08"
"Coal Tar Solution,102.6-125.4"
"Cod Liver Oil,1.7145-2.0955"
"Coenzyme Q10 [Ubidecarenone],28.395-34.705"
"Colchicine,3.933-4.807"
"Colecalciferol [Vitamin D3],34.542-42.218"
"Colistimethate Sodium,1.881-2.299"
"Collagen II & GAGs,18.009-22.011"
"Compound Asparagus,136.8-167.2"
"Conjugated Estrogen (Cream),10.26-12.54"
"Conjugated Estrogen (Tablet),13.68-16.72"
"Conjugated Estrogen + Bazedoxifene,54.72-66.88"
"Copper Peptide + Procapil + Niacinamide + Biotin + L-Arginine,30.78-37.62"
"Cranberry [Vaccinium macrocarpon],9.738-11.902"
"Crisaborole,6.84-8.36"
"Crizotinib,256.842-313.918"
"Crotamiton,23.94-29.26"
"Curcuminoids [Curcuma Longa],23.94-29.26"
"Cyanocobalamin,0.684-0.836"
"Cyclizine Hydrochloride,8.208-10.032"
"Cyclobenzaprine Hydrochloride,1.71-2.09"
"Cyclopentolate Hydrochloride,3.42-4.18"
"Cyclophosphamide,171.342-209.418"
"Cyclosporine,97.434-119.086"
"Cyclosporine (Ophthalmic),3.42-4.18"
"Cyproterone Acetate + Ethinyl Estradiol,14.364-17.556"
"Cytarabine,376.2-459.8"
"Dabigatran Etexilate Mesylate,58.14-71.06"
"Dacarbazine,136.8-167.2"
"Daclatasvir,271.89-332.31"
"Daclatasvir + Sofosbuvir,0.684-0.836"
"Dacomitinib,205.2-250.8"
"Dalteparin Sodium,4275-5225"
"Danazol,19.836-24.244"
"Dantrolene Sodium,8.55-10.45"
"Dapagliflozin Propanediol,14.364-17.556"
"Dapoxetine Hydrochloride,23.94-29.26"
"Dapsone,15.39-18.81"
"Darbepoetin Alfa,42.75-52.25"
"Darifenacin,15.093-18.447"
"Dasamularista,136.8-167.2"
"Dasatinib,215.46-263.34"
"Date palm + Betel nut + Acacia,34.2-41.8"
"Datura + Rhubarb + Ginger,1.368-1.672"
"Daunorubicin,13.68-16.72"
"D-chiro-inositol,54.72-66.88"
"Deferasirox,81.2835-99.3465"
"Deferiprone,10.431-12.749"
"Deferoxamine Mesylate,342-418"
"Deflazacort,23.256-28.424"
"Degarelix Acetate,68.4-83.6"
"Dehydroepiandrosterone,10.26-12.54"
"Delafloxacin,205.2-250.8"
"Denosumab,0.9225-1.1275"
"Dequalinium Chloride,23.94-29.26"
"Desloratadine,21.204-25.916"
"Desmopressin Acetate,48.906-59.774"
"Desogestrel,19.152-23.408"
"Desonide,10.26-12.54"
"Desoximetasone,13.68-16.72"
"Desvenlafaxine,8.55-10.45"
"Devil’s Cotton + Ashoka bark + Aswagandha,68.4-83.6"
"Devil's Claw,13.563-16.577"
"Dexamethasone,4.617-5.643"
"Dexamethasone (Ophthalmic),2.736-3.344"
"Dexamethasone + Chloramphenicol,3.42-4.18"
"Dexamethasone + Neomycin Sulphate + Polymyxin B Sulphate,3.42-4.18"
"Dexamethasone + Tobramycin,2.736-3.344"
"Dexibuprofen,35.226-43.054"
"Dexketoprofen,2.745-3.355"
"Dexlansoprazole,8.208-10.032"
"Dexmedetomidine Hydrochloride,1.368-1.672"
"Dexpanthenol,34.2-41.8"
"Dextran + Hypromellose,6.84-8.36"
"Dextromethorphan + Phenylephrine + Triprolidine,68.4-83.6"
"Dextromethorphan + Pseudoephedrine + Triprolidine,68.4-83.6"
"Dextromethorphan Hydrobromide,68.4-83.6"
"Dextromethorphan Hydrobromide + Guaifenesin,6.84-8.36"
"Dextrose,6.84-8.36"
"Dextrose & Hartmann's Solution,342-418"
"Diabasic Sodium Phosphate + Monobasic Sodium Phosphate,90.972-111.188"
"Diazepam,1.1025-1.3475"
"Diazoxide,102.6-125.4"
"Diclofenac Diethylamine + Mephenesin + Menthol + Methyl Salicylate + Turpentine Oil,17.1-20.9"
"Diclofenac Potassium,3.447-4.213"
"Diclofenac Sodium,0.27-0.33"
"Diclofenac Sodium (Ophthalmic),3.42-4.18"
"Diclofenac Sodium + Lidocaine Hydrochloride,1.368-1.672"
"Diclofenac Sodium + Methyl Salicylate + Linseed Oil + Menthol,34.2-41.8"
"Diclofenac Sodium + Misoprostol,6.84-8.36"
"Dicycloverine Hydrochloride,17.784-21.736"
"Dienogest,30.78-37.62"
"Dienogest + Estradiol Valerate,19.152-23.408"
"Diethylcarbamazine Citrate,0.702-0.858"
"Diflorasone Diacetate,6.84-8.36"
"Difluprednate,3.42-4.18"
"Digoxin,20.8935-25.5365"
"Diloxanide Furoate,21.1005-25.7895"
"Diltiazem Hydrochloride (FC tablet),2.394-2.926"
"Diltiazem Hydrochloride (SR tablet),2.052-2.508"
"Dinar,68.4-83.6"
"Diphenhydramine + Dextromethorphan + Levomenthol,68.4-83.6"
"Diphenhydramine + Levomenthol,68.4-83.6"
"Diphenhydramine Hydrochloride,35.055-42.845"
"Diphenhydramine Hydrochloride + Zinc Acetate,5.13-6.27"
"Diphtheria,0.342-0.418"
"Diphtheria,12.276-15.004"
"Diphtheria + Pertussis + Tetanus [DPT],8.6715-10.5985"
"Dipyridamole,6.156-7.524"
"Disopyramide Phosphate,4.959-6.061"
"Dithranol + Boric Acid + Salicylic Acid,8.892-10.868"
"Dobutamine,34.2-41.8"
"Docetaxel Trihydrate,10.26-12.54"
"Docusate Sodium (Ear drop),4.788-5.852"
"Docusate Sodium (Oral),34.884-42.636"
"Domperidone Maleate,3.762-4.598"
"Donepezil Hydrochloride,5.13-6.27"
"Dopamine Hydrochloride,172.71-211.09"
"Doripenem,87.21-106.59"
"Dorzolamide + Timolol,5.13-6.27"
"Doxepin (Oral),11.97-14.63"
"Doxepin (Topical),44.46-54.34"
"Doxophylline,4.788-5.852"
"Doxorubicin Hydrochloride,4.275-5.225"
"Doxycycline Hydrochloride,0.702-0.858"
"Drospirenone,1.368-1.672"
"Drotaverine,1.1115-1.3585"
"Dulaglutide,6.4125-7.8375"
"Duloxetine Hydrochloride,6.5115-7.9585"
"Dutasteride,13.68-16.72"
"Dydrogesterone,27.297-33.363"
"Ebastine,4.446-5.434"
"Echinacea,11.97-14.63"
"Econazole Nitrate,8.55-10.45"
"Econazole Nitrate + Triamcinolone Acetonide,70.3485-85.9815"
"Efavirenz,78.66-96.14"
"Eflornithine Hydrochloride,44.46-54.34"
"Ejaz,114.57-140.03"
"Elagolix,372.6-455.4"
"Eltrombopag Olamine,58.482-71.478"
"Eluxadoline,213.75-261.25"
"Emblic Myrobalan + Aswagandha + Grape,34.542-42.218"
"Emblic Myrobalan + Chebulic + Belleric,44.802-54.758"
"Emblic Myrobalan + Sesame,78.66-96.14"
"Emblica officinalis + Piper longum,41.04-50.16"
"Emollient [Cepalin+Allantoin],33.174-40.546"
"Empagliflozin,18.81-22.99"
"Empagliflozin + Linagliptin,15.39-18.81"
"Empagliflozin + Metformin Hydrochloride,4.3425-5.3075"
"Enalapril Maleate,0.513-0.627"
"Encephalitis Vaccine,0.4455-0.5445"
"Enoxaparin Sodium,34.371-42.009"
"Entecavir,17.1-20.9"
"Epalrestat,4.4505-5.4395"
"Eperisone Hydrochloride,35.226-43.054"
"Ephedrine Hydrochloride,1.8135-2.2165"
"Epinastine Hydrochloride,18.81-22.99"
"Epirubicin Hydrochloride,32.49-39.71"
"Eplerenone,10.467-12.793"
"Epoetin Beta,34.3035-41.9265"
"Eptifibatide,8.55-10.45"
"Erdosteine,5.472-6.688"
"Ergometrine Maleate,1.917-2.343"
"Ergotamine Tartrate + Caffeine,2.052-2.508"
"Eribulin Mesylate,256.842-313.918"
"Erlotinib,0.684-0.836"
"Ertapenem,8.892-10.868"
"Ertugliflozin,18.81-22.99"
"Erythromycin (Lotion),42.75-52.25"
"Erythromycin (Oral),3421.179-4181.441"
"Erythropoietin,4104-5016"
"Erythropoietin Alfa,689.472-842.688"
"Escitalopram Oxalate,13.8195-16.8905"
"Eslicarbazepine Acetate,15.426-18.854"
"Esmolol Hydrochloride,17.1-20.9"
"Esomeprazole,15.048-18.392"
"Esomeprazole (MUPS tablet),4.788-5.852"
"Esomeprazole + Amoxicillin + Clarithromycin,2.394-2.926"
"Espand,11.286-13.794"
"Estradiol,20.52-25.08"
"Estradiol Valerate,13.6575-16.6925"
"Estriol (Oral),7.875-9.625"
"Estriol (Vaginal),6.165-7.535"
"Eszopiclone,0.963-1.177"
"Etanercept,0.738-0.902"
"Ethambutol,34.767-42.493"
"Ethanol + Isopropyl alcohol,10.602-12.958"
"Ethinyl Estradiol + Desogestrel (0.02 mg),14.364-17.556"
"Ethinyl Estradiol + Desogestrel (0.03 mg),16.758-20.482"
"Ethinyl Estradiol + Desogestrel + Ferrous Fumarate,16.758-20.482"
"Ethinyl Estradiol + Drospirenone (21 tablet),15.39-18.81"
"Ethinyl Estradiol + Drospirenone (24 tablet),16.416-20.064"
"Ethinyl Estradiol + Drospirenone (HRT),14.364-17.556"
"Ethinyl Estradiol + Drospirenone + Levomefolate,16.758-20.482"
"Ethinyl Estradiol + Gestodene,14.364-17.556"
"Ethinyl Estradiol + Levonorgestrel + Ferrous Fumarate,14.706-17.974"
"Ethinyl Estradiol + Lynestrenol (0.0375 mg),15.048-18.392"
"Ethinyl Estradiol + Lynestrenol (0.05 mg),31.122-38.038"
"Ethosuximide,92.34-112.86"
"Ethyl Alcohol + Hydrogen peroxide + Glycerol,34.2-41.8"
"Ethyl Butylacetylaminopropionate,23.2785-28.4515"
"Etodolac,36.936-45.144"
"Etoposide,31.1445-38.0655"
"Etoricoxib,43.092-52.668"
"Eucalyptol + Menthol + Methyl Salicylate + Thymol + Sodium Fluoride,82.08-100.32"
"Eucalyptol+ Menthol + Thymol,46.17-56.43"
"Evening primrose oil,131.13-160.27"
"Everolimus,3.7755-4.6145"
"Ezetimibe,82.0305-100.2595"
"Famciclovir,99.1305-121.1595"
"Famotidine,137.286-167.794"
"Favipiravir,80.028-97.812"
"Febuxostat,5.472-6.688"
"Fennel [Mouri,5.472-6.688"
"Fenofibrate,224.325-274.175"
"Fentanyl Citrate,10.602-12.958"
"Fenticonazole Nitrate [Vaginal Cream],51.3-62.7"
"Fenticonazole Nitrate [Vaginal Tablet],44.46-54.34"
"Fermented soy [Lactobacillus Delbrueckii],10.26-12.54"
"Ferric Carboxymaltose,9.234-11.286"
"Ferric Citrate,11.97-14.63"
"Ferric Derisomaltose,2.052-2.508"
"Ferric Pyrophosphate Citrate,3.078-3.762"
"Ferrous Ascorbate,3.078-3.762"
"Ferrous Ascorbate + Folic Acid + Zinc Sulfate,70.11-85.69"
"Ferrous Fumarate,136.8-167.2"
"Ferrous Fumarate + Folic acid,68.463-83.677"
"Ferrous Gluconate,136.8-167.2"
"Ferrous Sulfate,69.2235-84.6065"
"Ferrous Sulfate + Folic Acid,1.881-2.299"
"Ferrous Sulfate + Folic Acid + Zinc Sulfate,35.055-42.845"
"Fexofenadine Hydrochloride,1.197-1.463"
"Filgrastim,1.4445-1.7655"
"Finasteride [For Androgenic Alopecia],4.8195-5.8905"
"Finasteride [For B.P.H.],54.729-66.891"
"Finerenone,54.72-66.88"
"Fishar [Snake root,12.312-15.048"
"Flavoxate Hydrochloride,5.472-6.688"
"Flaxseed oil [Linum Usitatissimum],19.494-23.826"
"Flibanserin,188.1-229.9"
"Flucloxacillin Sodium,35.775-43.725"
"Fluconazole,3.42-4.18"
"Fluconazole (Ophthalmic),326.61-399.19"
"Fludarabine Phosphate,20.52-25.08"
"Fludrocortisone Acetate,5.814-7.106"
"Flunarizine,4.446-5.434"
"Fluocinolone Acetonide,11.97-14.63"
"Fluocinolone Acetonide + Clioquinol,20.52-25.08"
"Fluocinolone Acetonide + Hydroquinone + Tretinoin,6.84-8.36"
"Fluocinolone Acetonide + Neomycin Sulfate,3.42-4.18"
"Fluorescein Sodium,3.42-4.18"
"Fluormetholone + Neomycin Sulphate,3.42-4.18"
"Fluorometholone + Gentamicin,2.736-3.344"
"Fluorometholone + Tetrahydrozoline,3.42-4.18"
"Fluorometholone Acetate,172.71-211.09"
"Fluorouracil,119.7-146.3"
"Fluoxetine Hydrochloride,6.309-7.711"
"Flupentixol,2.16-2.64"
"Flupentixol + Melitracen,1.3905-1.6995"
"Fluphenazine + Nortriptyline,0.585-0.715"
"Fluphenazine Decanoate,3.087-3.773"
"Flurazepam,3.2535-3.9765"
"Flurbiprofen,3.42-4.18"
"Flutamide,45.144-55.176"
"Fluticasone Furoate,43.776-53.504"
"Fluticasone Propionate (Inhaler),82.08-100.32"
"Fluticasone Propionate (Nasal Spray),41.724-50.996"
"Fluticasone Propionate (Nebuliser Suspension),4.104-5.016"
"Fluticasone Propionate (Topical),44.46-54.34"
"Fluticasone Propionate + Formoterol Fumarate,61.047-74.613"
"Fluvastatin,9.288-11.352"
"Fluvoxamine Maleate,5.2515-6.4185"
"Folic Acid,1.4535-1.7765"
"Folic Acid + Zinc Sulfate Monohydrate,51.813-63.327"
"Follicle Stimulating Hormone [Urofollitropin],179.55-219.45"
"Follitropin Alfa,104.31-127.49"
"Follitropin Alfa + Lutropin Alfa,35.91-43.89"
"Follitropin Beta,17.955-21.945"
"Fondaparinux Sodium,41.895-51.205"
"Formoterol Fumarate + Glycopyrrolate + Budesonide,42.066-51.414"
"Fosfomycin Trometamol,172.026-210.254"
"Fructose,176.13-215.27"
"Fucidic Acid + Betamethasone,23.94-29.26"
"Furosemide,3.6-4.4"
"Furosemide + Spironolactone,3.4245-4.1855"
"Fusidic Acid (Ophthalmic),5.13-6.27"
"Fusidic acid + Betamethasone,6.84-8.36"
"Fusidic acid + Hydrocortisone,8.9415-10.9285"
"Gabapentin,5.472-6.688"
"Gadodiamide,5.13-6.27"
"Ganciclovir (Ophthalmic),10.26-12.54"
"Garlic Oil,1.71-2.09"
"Garlitab,2.394-2.926"
"Gatifloxacin (Ophthalmic),5.472-6.688"
"Gatifloxacin (Oral),3.771-4.609"
"Gatifloxacin + Dexamethasone,87.21-106.59"
"Gefitinib,109.44-133.76"
"Gemcitabine,2.736-3.344"
"Gemfibrozil,24.7095-30.2005"
"Gemifloxacin,18.81-22.99"
"Gentamicin + Hydrocortisone Acetate,2.394-2.926"
"Gentamicin Sulfate (Injection),4.104-5.016"
"Gentamicin Sulfate (Ophthalmic),6.156-7.524"
"Gentamicin Sulfate (Topical),6.84-8.36"
"Gentian Violet,13.68-16.72"
"Ginkgo Biloba,3.42-4.18"
"Glecaprevir + Pibrentasvir,1.4895-1.8205"
"Glibenclamide,6.4215-7.8485"
"Gliclazide,8.2305-10.0595"
"Glimepiride,7.182-8.778"
"Glimepiride + Metformin,3.951-4.829"
"Glipizide,2.052-2.508"
"Glipizide + Metformin Hydrochloride,1.9215-2.3485"
"Glucosamine Hydrochloride,11.124-13.596"
"Glucosamine Sulfate + Chondroitin,6.84-8.36"
"Glucosamine Sulfate + Chondroitin + Camphor + Peppermint oil,11.97-14.63"
"Glucosamine Sulfate + Diacerein,496.584-606.936"
"Glucose 11% + Vamin 18 Novum + Intralipid 20%,843.372-1030.788"
"Glucose 19% + Vamin 18 Novum + Intralipid 20%,352.611-430.969"
"Glycerin,4.446-5.434"
"Glycerin + Hypromellose + Polyethylene glycol + Tetrahydrozoline + Zinc Sulfate,20.52-25.08"
"Glycerol,6.84-8.36"
"Glycerol + Hypromellose + Polyethylene Glycol 400,37.62-45.98"
"Glycerol + Liquid Sugar,718.2-877.8"
"Glycine,376.1595-459.7505"
"Glycopyrronium Bromide (Inhalation capsule),7.866-9.614"
"Glycopyrronium Bromide (Injection),34.542-42.218"
"Glycopyrronium Bromide (Oral solution),34.542-42.218"
"Glycopyrronium Bromide (Respirator Solution),41.382-50.578"
"Glycopyrronium Bromide + Formoterol Fumarate,41.211-50.369"
"Golimumab,1.881-2.299"
"Gramacidin + Neomycin + Polymixin B,11.349-13.871"
"Granisetron,2.628-3.212"
"Griseofulvin [Microsize],35.568-43.472"
"Guaifenesin + Dextromethorphan + Menthol,68.4-83.6"
"Guaifenesin + Levomenthol + Diphenhydramine,35.226-43.054"
"Guggul + Barberry + Chebulic Myrobalan,6.9255-8.4645"
"Habb-e-Nishat,6.0705-7.4195"
"Haemophilus Influenzae Type B Vaccine [Conjugated],0.6975-0.8525"
"Halazone,5.3055-6.4845"
"Halcinonide,8.55-10.45"
"Halobetasol Propionate,18.81-22.99"
"Halobetasol Propionate + Tazarotene,15.732-19.228"
"Haloperidol,68.571-83.809"
"Halothane,239.4-292.6"
"Hartmann's Solution,205.2-250.8"
"Hazmina,35.91-43.89"
"Heparin Sodium,2.052-2.508"
"Hepatitis A Vaccine,61.731-75.449"
"Hepatitis b immune globulin,61.902-75.658"
"Hepatitis B Vaccine [rDNA],34.371-42.009"
"Herbal cough syrup [Adhatoda Vasica],36.252-44.308"
"Herbal cough syrup [Glycyrrhiza Glabra],36.252-44.308"
"Herbal cough syrup [Tulsi],68.4-83.6"
"Herbal cough syrup [Vasakarista],68.4-83.6"
"Herbal gastric preparation,34.686-42.394"
"Herbal Multivitamin,35.91-43.89"
"Hingastak Churna,5.13-6.27"
"Homatropine Hydrobromide,4.104-5.016"
"Human Anti-D Immunoglobulins,3420.684-4180.836"
"Human Chorionic Gonadotrophin,1744.2-2131.8"
"Human Immunoglobulin-G [IgG],27.36-33.44"
"Human Menopausal Gonadotrophin,59.85-73.15"
"Human Milk based Amino Acid,34.371-42.009"
"Human Papillomavirus Bivalent (Types 16 & 18),5.121-6.259"
"Human Papillomavirus Quadrivalent (Types 6,90.45-110.55"
"Human Tetanus Immunoglobulin,105.678-129.162"
"Hyaluronic Acid,20.52-25.08"
"Hydrochlorothiazide,0.5805-0.7095"
"Hydrochlorothiazide + Triamterene,34.38-42.02"
"Hydrocortisone,11.1195-13.5905"
"Hydrocortisone + Lidocaine,11.97-14.63"
"Hydrocortisone + Neomycin Sulphate + Polymixin B,6.84-8.36"
"Hydrocortisone Acetate,11.97-14.63"
"Hydrocortisone Acetate + Benzyl Benzoate + Bismuth Subgallate + Bismuth Oxide + Balsam Peru + Zinc Oxide,15.39-18.81"
"Hydrocortisone Acetate + Neomycin Sulphate,15.39-18.81"
"Hydrocortisone Butyrate,44.46-54.34"
"Hydrogen peroxide,41.04-50.16"
"Hydroquinone,6.84-8.36"
"Hydroquinone + Octyldimethyl + Dioxybenzone + Oxybenzone,3.762-4.598"
"Hydroxocobalamin,8.208-10.032"
"Hydroxychloroquine Sulphate,20.52-25.08"
"Hydroxyethyl Cellulose + Glycerin,188.1-229.9"
"Hydroxyethyl Starch + Sodium Chloride,171.684-209.836"
"Hydroxyprogesterone Caproate,1.368-1.672"
"Hydroxypropyl Methylcellulose,6.156-7.524"
"Hydroxyurea,38.988-47.652"
"Hydroxyzine  Hydrochloride,16.8435-20.5865"
"Hylan G-F 20,21.0825-25.7675"
"Hyoscine Butylbromide,3.762-4.598"
"Hyoscine Hydrobromide,5.13-6.27"
"Hypromellose,6.84-8.36"
"Hypromellose + Carbomer,11.97-14.63"
"β-Sitosterol,6.156-7.524"
"Ibandronic Acid,0.684-0.836"
"Ibandronic Acid & Calcium Orotate,0.684-0.836"
"Ibandronic Acid + Calcium Carbonate + Vitamin D3,256.842-313.918"
"Ibrutinib,34.542-42.218"
"Ibuprofen,3.555-4.345"
"Idoxuridine,4.104-5.016"
"Ifosfamide,1.7145-2.0955"
"Iloperidone,1.377-1.683"
"Imatinib Mesylate,171.342-209.418"
"Imipenem + Cilastatin,87.417-106.843"
"Imipramine Hydrochloride,86.868-106.172"
"Imiquimod,3.762-4.598"
"Inactivated Hepatitis A vaccine,0.342-0.418"
"Inactivated Influenza Vaccine,50.0355-61.1545"
"Indacaterol + Glycopyrronium,17.1-20.9"
"Indacaterol + Glycopyrronium + Mometasone Furoate,42.255-51.645"
"Indacaterol Maleate,9.711-11.869"
"Indapamide,6.84-8.36"
"Indapamide + Amlodipine,12.312-15.048"
"Indapamide + Perindopril Arginine,3.447-4.213"
"Indomethacin (Oral),3.2715-3.9985"
"Indomethacin (Rectal),36.6075-44.7425"
"Infliximab,68.4-83.6"
"Inositol Nicotinate,2.736-3.344"
"Insulin Aspart,2.052-2.508"
"Insulin Aspart + Insulin Aspart Protamine,2.052-2.508"
"Insulin Degludec,2.052-2.508"
"Insulin Degludec + Insulin Aspart Premixed,2.052-2.508"
"Insulin Detemir,2.052-2.508"
"Insulin Glargine [rDNA],2.052-2.508"
"Insulin Glulisine,4.446-5.434"
"Insulin Human [Fast-Acting],4.446-5.434"
"Insulin Human [Long-Acting],4.446-5.434"
"Insulin Human [rDNA] + Isophane Insulin Human,2.052-2.508"
"Insulin Lispro,2.052-2.508"
"Insulin Lispro Protamine + Insulin Lispro,2.565-3.135"
"Interferon Alfa-2a [Recombinant],172.539-210.881"
"Intravenous Fat Emulsion,102.6-125.4"
"Iohexol,41.04-50.16"
"Iopamidol,85.5-104.5"
"Ipratropium Bromide (Inhaler),75.24-91.96"
"Ipratropium Bromide (Nebuliser Solution),15.048-18.392"
"Irbesartan,9.918-12.122"
"Irbesartan + Hydrochlorothiazide,36.261-44.319"
"Irinotecan Hydrochloride,14.022-17.138"
"Iron + Folic Acid + Vitamin A + Vitamin C + Zinc,1.71-2.09"
"Iron + Folic acid + Vitamin B complex + Vitamin C,2.1735-2.6565"
"Iron + Folic Acid + Vitamin B Complex + Vitamine C + Zinc Sulfate,2.223-2.717"
"Iron Hydroxide Polymaltose + Folic acid + Zinc Sulfate Monohydrate,69.597-85.063"
"Iron Polymaltose Complex,12.321-15.059"
"Iron Polymaltose Complex + Folic Acid + Zinc + Vitamin B-Complex,2.736-3.344"
"Iron Polymaltose Complex + Folic Acid + Zinc Sulfate,35.1945-43.0155"
"Iron Polymaltose Complex + Vitamin B Complex + Zinc,20.52-25.08"
"Iron Sucrose Injection [Elemental Iron],41.211-50.369"
"Irrigating Solution,74.556-91.124"
"Isoflurane,35.226-43.054"
"Isopropamide + Trifluoperazine,17.784-21.736"
"Isopropyl alcohol,102.6-125.4"
"Isopropyl Alcohol + Hydrogen Peroxide + Glycerol,5.832-7.128"
"Isosorbide Mononitrate,28.188-34.452"
"Isotretinoin (Oral),20.52-25.08"
"Isotretinoin (Topical),54.72-66.88"
"Ispaghula [Psyllium] Husk,8.037-9.823"
"Ispaghula Husk + Ispaghula Seed + Tinnevelly Senna Pods,8.037-9.823"
"Ispaghula Husk + Mebeverine Hydrochloride,35.397-43.263"
"Ispaghula Husk + Sonapata,8.001-9.779"
"Isradipine,16.209-19.811"
"Itraconazole,21.888-26.752"
"Ivabradine,18.126-22.154"
"Ivermectin (Tablet),22.23-27.17"
"Ivermectin (Topical),41.04-50.16"
"Jadwar [Denudatum,68.4-83.6"
"Jamani Arka,68.4-83.6"
"Jeerakaddarishta Carminative,68.4-83.6"
"Jinsin,68.4-83.6"
"Jirakaddarista,36.936-45.144"
"Jogaraj Guggulu,6.84-8.36"
"Jouban Satadal,4.788-5.852"
"Kabid Nawshadri,2.394-2.926"
"Kanamycin,5.13-6.27"
"Ketamine,8.55-10.45"
"Ketoconazole (Cream),46.17-56.43"
"Ketoconazole (Shampoo),23.6205-28.8695"
"Ketoconazole (Tablet),9.621-11.759"
"Ketoprofen (oral & injection),10.944-13.376"
"Ketoprofen (Topical),20.52-25.08"
"Ketorolac Tromethamine,2.052-2.508"
"Ketorolac Tromethamine (Ophthalmic),3.42-4.18"
"Ketotifen Fumarate (Ophthalmic),35.91-43.89"
"Ketotifen Fumarate (Oral),34.5915-42.2785"
"Khakshi,34.884-42.636"
"Kusta Qalyee [Calcined stannum],4.104-5.016"
"Labetalol Hydrochloride (Injection),6.84-8.36"
"Labetalol Hydrochloride (Tablet),3.9465-4.8235"
"Lacidipine,6.156-7.524"
"Lactase,8.208-10.032"
"Lactic acid + Citric acid + Potassium bitartrate,34.884-42.636"
"Lactic acid + Sodium PCA,51.3-62.7"
"Lactitol Monohydrate,17.1-20.9"
"Lactobacillus Rhamnosus GG,27.36-33.44"
"Lactulose,47.9835-58.6465"
"Lamivudine [For Chronic Hepatitis B],17.1-20.9"
"Lamivudine [For HIV Infection],23.94-29.26"
"Lamivudine + Zidovudine,39.33-48.07"
"Lamivudine + Zidovudine + Nevirapine,47.88-58.52"
"Lamotrigine,4.464-5.456"
"Lansoprazole,2.394-2.926"
"Lansoprazole + Amoxicillin + Clarithromycin,35.568-43.472"
"Lanthanum Carbonate,156.582-191.378"
"Lapatinib,205.2-250.8"
"Lasmiditan Hemisuccinate,14.535-17.765"
"Latanoprost,1.71-2.09"
"Latanoprost + Timolol,35.055-42.845"
"Lavendar [Lavendula stoechas],34.542-42.218"
"Ledipasvir + Sofosbuvir,7.182-8.778"
"Leflunomide,137.826-168.454"
"Lenalidomide,80.028-97.812"
"Lenograstim,350.208-428.032"
"Lenvatinib Mesylate,2.2455-2.7445"
"Lercanidipine Hydrochloride,130.446-159.434"
"Letrozole,17.5275-21.4225"
"Leuprorelin Acetate,11.5425-14.1075"
"Levamisole,34.3215-41.9485"
"Levetiracetam,3.42-4.18"
"Levobunolol,35.91-43.89"
"Levocarnitine,21.888-26.752"
"Levocetirizine Dihydrochloride,9.234-11.286"
"Levodopa + Benserazide,9.576-11.704"
"Levodopa + Carbidopa (CR tablet),7.4565-9.1135"
"Levodopa + Carbidopa (FC tablet),30.5505-37.3395"
"Levodopa + Carbidopa + Entacapone,6.84-8.36"
"Levofloxacin (Ophthalmic),35.91-43.89"
"Levofloxacin Hemihydrate,5.823-7.117"
"Levomenthol + Thymol + Terpineol + Chlorobutanol,15.39-18.81"
"Levomilnacipran Hydrochloride,6.84-8.36"
"Levonorgestrel,68.742-84.018"
"Levosalbutamol,35.226-43.054"
"Levosalbutamol (Oral),1.215-1.485"
"Levothyroxine Sodium,1.089-1.331"
"Licorice + Vasaka + Basil + Peppermint,17.955-21.945"
"Licorice + Yellow Silk Cotton + Mastic tree,34.2-41.8"
"Lidocaine + Adrenaline,34.2-41.8"
"Lidocaine + Epinephrine,2.3265-2.8435"
"Lidocaine + Prilocaine,18.81-22.99"
"Lidocaine Hydrochloride (Injection),10.944-13.376"
"Lidocaine Hydrochloride (Jelly),11.97-14.63"
"Lidocaine Hydrochloride (Spray),5.13-6.27"
"Lifitegrast,18.81-22.99"
"Light Liquid Paraffin + White Soft Paraffin + Glycerine,24.624-30.096"
"Linagliptin,10.602-12.958"
"Linagliptin + Metformin Hydrochloride,104.994-128.326"
"Linezolid,23.94-29.26"
"Liposome + Perilla + Sodium Hyaluronate,37.62-45.98"
"Liquorice + Cascara Sagrada + Belladona,35.226-43.054"
"Liraglutide,3.42-4.18"
"Lisinopril,2.8305-3.4595"
"Lithium Carbonate,9.918-12.122"
"L-Lysine Hydrochloride,10.26-12.54"
"Lomefloxacin (Ophthalmic),6.156-7.524"
"Lomefloxacin (Oral),5.472-6.688"
"Loperamide Hydrochloride,17.271-21.109"
"Lopinavir + Ritonavir,37.62-45.98"
"Loratadine,3.078-3.762"
"Loratadine + Pseudoephedrine,2.061-2.519"
"Lorazepam,1.368-1.672"
"Lorlatinib,6.156-7.524"
"L-Ornithine L-Aspartate,7.182-8.778"
"L-Ornithine L-Aspartate + Pancreatin,8.379-10.241"
"Lornoxicam,7.0695-8.6405"
"Losartan Potassium,5.148-6.292"
"Losartan Potassium + Hydrochlorothiazide,3.42-4.18"
"Loteprednol Etabonate,2.736-3.344"
"Loteprednol Etabonate + Gatifloxacin,3.42-4.18"
"Loteprednol Etabonate + Tobramycin,15.4305-18.8595"
"Lubiprostone,8.55-10.45"
"Luliconazole,15.39-18.81"
"Lurasidone Hydrochloride,18.81-22.99"
"Lutein + Zeaxanthin,22.23-27.17"
"Lymecycline,14.364-17.556"
"Lynestrenol,21.06-25.74"
"Lyophilized Bacterial Lysate,68.4-83.6"
"Macitentan,119.7-146.3"
"Macrogol [Polypropylene glycol] + Electrolytes,9.369-11.451"
"Magaldrate,68.742-84.018"
"Magaldrate + Simethicone,2.052-2.508"
"Magnesium Hydroxide,75.24-91.96"
"Magnesium Hydroxide + Liquid Paraffin,21.204-25.916"
"Magnesium Oxide,3.42-4.18"
"Magnesium Sulfate,35.91-43.89"
"Magnesium Sulfate Heptahydrate,102.6-125.4"
"Mahadrakkharist [Grape extract],102.6-125.4"
"Malus sylvestris,205.2-250.8"
"Mannitol,173.223-211.717"
"Maprotiline Hydrochloride,9.063-11.077"
"Marham Kharish,13.68-16.72"
"Marine Collagen,15.048-18.392"
"Marwareedi,7.695-9.405"
"Measles and Rubella,10.431-12.749"
"Mebendazole,3.6495-4.4605"
"Mebeverine Hydrochloride,3.078-3.762"
"Mebhydrolin Napadisylate,1.7145-2.0955"
"Meclizine + Pyridoxine,1.728-2.112"
"Meclizine Hydrochloride,3.933-4.807"
"Mecobalamin,0.684-0.836"
"Medroxyprogesterone Acetate (Injection),3.9735-4.8565"
"Medroxyprogesterone Acetate (Tablet),35.8065-43.7635"
"Mefenamic acid,13.9725-17.0775"
"Mefloquine,47.745-58.355"
"Megestrol Acetate,13.0005-15.8895"
"Melatonin,2.403-2.937"
"Meloxicam,13.347-16.313"
"Memantine + Donepezil,14.706-17.974"
"Memantine Hydrochloride,11.286-13.794"
"Menaquinone-7,8.721-10.659"
"Meningococcal Conjugate Vaccine,0.342-0.418"
"Meningococcal Polysaccharide Vaccine,7.011-8.569"
"Mentha + Cinnamomum + Gaultheria + Capsicum,15.39-18.81"
"Menthol + Camphor + Eucalyptus Oil + Mint Oil,15.39-18.81"
"Menthol + Camphor + Methyl Salicylate + Oleoresin Capsicum,47.88-58.52"
"Menthol + Thymol + Eucalyptol  + Methyl Salicylate,49.59-60.61"
"Mepyramine Maleate,22.491-27.489"
"Mercaptopurine,177.84-217.36"
"Meropenem Trihydrate,7.182-8.778"
"Mesalazine [5-aminosalicylic acid],137.142-167.618"
"Mesna,142.272-173.888"
"Metformin Hydrochloride,8.928-10.912"
"Methenamine Hippurate,12.312-15.048"
"Methimazole,19.152-23.408"
"Methotrexate,11.628-14.212"
"Methoxsalen,37.62-45.98"
"Methoxy Polyethylene Glycol-Epoetin Beta,27.36-33.44"
"Methyl Salicylate + Menthol,11.97-14.63"
"Methyl Salicylate + Menthol + Camphor,7.146-8.734"
"Methyldopa,1.395-1.705"
"Methylergonovine Maleate,5.319-6.501"
"Methylphenidate Hydrochloride,13.338-16.302"
"Methylprednisolone,27.7695-33.9405"
"Methylprednisolone Acetate,184.68-225.72"
"Methylprednisolone Sodium Succcinate,34.542-42.218"
"Metoclopramide Hydrochloride,8.667-10.593"
"Metolazone,10.62-12.98"
"Metoprolol Tartrate,0.891-1.089"
"Metronidazole,3.9285-4.8015"
"Metronidazole + Miconazole Nitrate,15.7455-19.2445"
"Metronidazole + Neomycin Sulphate + Polymyxin B + Nystatin,15.048-18.392"
"Miconazole Nitrate (Oral Gel),10.26-12.54"
"Miconazole Nitrate (Topical),6.84-8.36"
"Miconazole Nitrate + Hydrocortisone,11.286-13.794"
"Micronised Diosmin + Hesperidin,9.576-11.704"
"Midazolam,60.192-73.568"
"Mifepristone,61.56-75.24"
"Mifepristone + Misoprostol,6.876-8.404"
"Miglitol,8.5905-10.4995"
"Milnacipran Hydrochloride,58.491-71.489"
"Miltefosine,64.98-79.42"
"Minocycline Hydrochloride,29.07-35.53"
"Minoxidil,41.04-50.16"
"Mirabegron,16.416-20.064"
"Mirtazapine,15.777-19.283"
"Misoprostol,6.156-7.524"
"Mitomycin C,2.772-3.388"
"Mizolastine,18.819-23.001"
"Molnupiravir,17.1-20.9"
"Mometasone Furoate (Inhalation Capsule),44.46-54.34"
"Mometasone Furoate (Nasal Spray),44.46-54.34"
"Mometasone Furoate (Topical),42.75-52.25"
"Mometasone Furoate + Formoterol Fumarate,42.75-52.25"
"Monjistha [Rubia cordifolia],47.196-57.684"
"Monobasic sodium phosphate + Dibasic sodium phosphate,52.2405-63.8495"
"Monosemicarbazone Adrenochrome,10.602-12.958"
"Monosulfiram,17.1225-20.9275"
"Montelukast Sodium,35.397-43.263"
"Morphine Sulfate,88.578-108.262"
"Moxifloxacin Hydrochloride (Injection),87.21-106.59"
"Moxifloxacin Hydrochloride (Ophthalmic),25.65-31.35"
"Moxifloxacin Hydrochloride (Tablet),11.97-14.63"
"Moxifloxacin Hydrochloride + Dexamethasone,3.42-4.18"
"Moxifloxacin Hydrochloride + Xanthan Gum,11.97-14.63"
"Mucopolysaccharide Polysulphate + Salicylic Acid,20.52-25.08"
"Mudir [Aloe,6.84-8.36"
"Multivitamin & 5% Dextrose,37.62-45.98"
"Multivitamin & Cod Liver Oil,68.4-83.6"
"Multivitamin & Multimineral,0.684-0.836"
"Multivitamin & Multimineral [A-Z for infanrs & childrens],34.542-42.218"
"Multivitamin & Multimineral [A-Z gold preparation],104.2515-127.4185"
"Multivitamin & Multimineral [A-Z junior infusion preparation],136.8-167.2"
"Multivitamin & Multimineral [A-Z juniors syrup preparation],38.3175-46.8325"
"Multivitamin & Multimineral [A-Z silver preparation],69.939-85.481"
"Multivitamin & Multimineral [A-Z syrup preparation],36.252-44.308"
"Multivitamin & Multimineral [A-Z teen boys preparation],4.104-5.016"
"Multivitamin & Multimineral [A-Z teen girls preparation],3.771-4.609"
"Multivitamin & Multimineral [For nursing mother],2.052-2.508"
"Multivitamin & Multimineral Essentials [For nursing mother],4.446-5.434"
"Multivitamin & Normal Saline,37.62-45.98"
"Multivitamin [Adult preparation],4.0365-4.9335"
"Multivitamin [Injection],8.55-10.45"
"Multivitamin [Pediatric preparation],6.507-7.953"
"Multivitamin with L-Lysine,3.096-3.784"
"Multivitamins & Multiminerals [A-Z prenatal preparation],22.23-27.17"
"Mumshik,25.65-31.35"
"Mupirocin,2.052-2.508"
"Mustakarista [Cyperus,60.192-73.568"
"Mycophenolate Mofetil,73.53-89.87"
"Mycophenolic acid,18.468-22.572"
"Nabayas Louha Herbal Haematinic,34.884-42.636"
"Nab-Paclitaxel [Nanoparticle Albumin-Bound Paclitaxel],41.724-50.996"
"Nabumetone,9.234-11.286"
"Naftidrofuryl Oxalate,14.364-17.556"
"Naftifine Hydrochloride,4.104-5.016"
"Nalbuphine,17.442-21.318"
"Nalidixic Acid,1.665-2.035"
"Nandrolone Decanoate,0.684-0.836"
"Nandrolone Phenylpropionate,3.762-4.598"
"Naphazoline + Pheniramine,6.84-8.36"
"Naphazoline + Zinc Sulfate,20.52-25.08"
"Naproxen Sodium,7.8885-9.6415"
"Naproxen Sodium + Esomeprazole Magnesium,4.275-5.225"
"Natamycin,11.322-13.838"
"Nateglinide,10.638-13.002"
"Natural medicine for diabetes,5.13-6.27"
"Nebivolol + Hydrochlorothiazide,9.234-11.286"
"Nebivolol Hydrochloride,3.42-4.18"
"Neem,2.736-3.344"
"Nefopam Hydrochloride,16.416-20.064"
"Nelfinavir,22.23-27.17"
"Neomycin Sulfate + Bacitracin Zinc,4.446-5.434"
"Neomycin Sulfate + Bacitracin Zinc + Polymyxin B Sulfate,5.13-6.27"
"Neomycin Sulphate + Polymyxin B Sulphate + Pramoxine,2.052-2.508"
"Neostigmine Methyl Sulphate,2.052-2.508"
"Nepafenac,2.052-2.508"
"Neratinib,20.5155-25.0745"
"Netarsudil + Latanoprost,2.052-2.508"
"Netarsudil Dimesylate,4.446-5.434"
"Nicorandil,3.762-4.598"
"Nicotinic Acid [Niacin],1.404-1.716"
"Nifedipine,4.2255-5.1645"
"Nigella Sativa [Black Seed Oil],3.078-3.762"
"Nikethamide,1.368-1.672"
"Nilotinib,2.736-3.344"
"Nimbadi Churna,2.052-2.508"
"Nimesulide,2.052-2.508"
"Nimodipine,155.61-190.19"
"Nintedanib,160.74-196.46"
"Niraparib,287.0505-350.8395"
"Nirmatrelvir + Ritonavir,35.226-43.054"
"Nitazoxanide,3.4245-4.1855"
"Nitrazepam,34.4565-42.1135"
"Nitrofurantoin,8.208-10.032"
"Nitrofurantoin + Nitrofurantoin Microcrystals,10.26-12.54"
"Nitrofurazone,10.26-12.54"
"Nitroglycerin (IV Infusion),13.68-16.72"
"Nitroglycerin (Ointment),7.875-9.625"
"Nitroglycerin (Oral preparation),69.426-84.854"
"Nitroglycerin (Sublingual Spray),69.426-84.854"
"Nitroglycerin (Sublingual Tablet),35.226-43.054"
"Nivolumab,15.048-18.392"
"Norepinephrine,3.249-3.971"
"Norethisterone Acetate,11.286-13.794"
"Norgestrel,19.152-23.408"
"Norgestrel + Ethinyl Estradiol + Ferrous Fumarate,10.0935-12.3365"
"Nortriptyline,10.476-12.804"
"Not Available,2.736-3.344"
"Nux-vomica + Black Pepper + Long Pepper,11.286-13.794"
"Nystatin (Oral),20.52-25.08"
"Obeticholic Acid,352.26-430.54"
"Obinutuzumab,348.84-426.36"
"Octreotide Acetate,2.052-2.508"
"Ofloxacin (Ophthalmic),35.91-43.89"
"Ofloxacin (Oral & Injection),7.542-9.218"
"Ofloxacin + Clotrimazole + Beclomethasone + Lidocaine,6.156-7.524"
"Olanzapine,1.71-2.09"
"Olaparib,6.498-7.942"
"Olmesartan Medoxomil,6.5205-7.9695"
"Olmesartan Medoxomil + Hydrochlorothiazide,43.434-53.086"
"Olopatadine Hydrochloride (Nasal Spray),42.75-52.25"
"Olopatadine Hydrochloride (Ophthalmic),53.01-64.79"
"Omalizumab,56.43-68.97"
"Omega-3 Acid Ethyl Esters [Salmon Fish Oil],15.75-19.25"
"Omeprazole,4.104-5.016"
"Omeprazole (MUPS tablet),19.494-23.826"
"Ondansetron,1.368-1.672"
"Oral Cholera Vaccine,2.223-2.717"
"Oral Polio Vaccine,6.291-7.689"
"Oral Rehydration Salt [Flavored],3.249-3.971"
"Oral Rehydration Salt [Powder],86.526-105.754"
"Oral Rehydration Salt [Rice Based],109.728-134.112"
"Orlistat,12.663-15.477"
"Ornidazole,61.731-75.449"
"Oseltamivir,222.3-271.7"
"Osimertinib,109.44-133.76"
"Ospemifene,27.36-33.44"
"Oxaliplatin,19.494-23.826"
"Oxaprozin,3.6-4.4"
"Oxazepam,35.406-43.274"
"Oxcarbazepine,12.663-15.477"
"Oxiconazole Nitrate,6.84-8.36"
"Oxybuprocaine Hydrochloride,20.52-25.08"
"Oxymetazoline Hydrochloride (Cream),85.5-104.5"
"Oxymetazoline Hydrochloride (Nasal Preparation),10.26-12.54"
"Oxymorphone Hydrochloride,1.71-2.09"
"Oxyphenonium Bromide,2.3085-2.8215"
"Oxytetracycline,2.1195-2.5905"
"Oxytetracycline + Polymixin B Sulphate,5.13-6.27"
"Oxytocin,5.13-6.27"
"Ozenoxacin,37.62-45.98"
"Paclitaxel,30.78-37.62"
"Padimate O + Avobenzone + Oxybenzone + Titanium dioxide,157.32-192.28"
"Palbociclib,6.156-7.524"
"Paliperidone,52.668-64.372"
"Paliperidone Palmitate,34.2-41.8"
"Palonosetron,68.913-84.227"
"Panax Ginseng,5.814-7.106"
"Pancreatin,1.197-1.463"
"Pancuronium Bromide,1.368-1.672"
"Pantoprazole Sodium Sesquihydrate,1.71-2.09"
"Paracetamol,34.371-42.009"
"Paracetamol (IV Infusion),35.064-42.856"
"Paracetamol + Caffeine,4.1625-5.0875"
"Paracetamol + Tramadol Hydrochloride,15.39-18.81"
"Parecoxib,29.1195-35.5905"
"Paricalcitol,10.953-13.387"
"Paroxetine Hydrochloride,70.4655-86.1245"
"Patrangasav,136.8-167.2"
"Pazopanib Hydrochloride,1.368-1.672"
"Pechish,6.2865-7.6835"
"Pefloxacin Mesylate Dihydrate,3.987-4.873"
"Pegfilgrastim [Pegylated Filgrastim],0.378-0.462"
"Peginterferon alfa-2a [Pegylated Interferon alfa-2a],0.2745-0.3355"
"Pegylated Erythropoietin,34.3035-41.9265"
"Pembrolizumab,205.2-250.8"
"Pemetrexed,37.62-45.98"
"Pemirolast Potassium,4.923-6.017"
"Penitab,1.845-2.255"
"Pentazocine Hydrochloride,14.022-17.138"
"Pentosan Polysulfate Sodium,18.846-23.034"
"Pentoxifylline,4.806-5.874"
"Peppermint Oil,10.602-12.958"
"Perampanel,13.68-16.72"
"Perindopril Arginine,10.26-12.54"
"Perindopril Arginine + Amlodipine,349.182-426.778"
"Peritoneal Dialysis solutions,352.26-430.54"
"Permethrin,39.33-48.07"
"Permethrin + Crotamiton,25.308-30.932"
"Pertuzumab,5.13-6.27"
"Pethidine Hydrochloride,34.542-42.218"
"Pheniramine Maleate,34.362-41.998"
"Phenobarbital,34.407-42.053"
"Phenoxymethyl Penicillin [Penicillin V],34.6635-42.3665"
"Phenytoin Sodium,2.052-2.508"
"Phospholipids,4.239-5.181"
"Phytomenadione (Injection),5.814-7.106"
"Phytomenadione (Oral),8.55-10.45"
"Pilocarpine Hydrochloride (Ophthalmic),5.13-6.27"
"Pilocarpine Hydrochloride (Oral),6.84-8.36"
"Pimavanserin,10.26-12.54"
"Pimecrolimus,8.55-10.45"
"Pioglitazone,6.8625-8.3875"
"Pioglitazone + Glimepiride,8.208-10.032"
"Pioglitazone + Metformin Hydrochloride,3.42-4.18"
"Pipecuronium Bromide,2.223-2.717"
"Piperacillin + Tazobactam,34.9695-42.7405"
"Piracetam,44.802-54.758"
"Pirfenidone,18.828-23.012"
"Pitavastatin Calcium,9.576-11.704"
"Pivmecillinam,6.5655-8.0245"
"Pizotifen,30.078-36.762"
"Polyethylene Glycol,32.49-39.71"
"Polyethylene Glycol + Propylene Glycol,35.91-43.89"
"Polyethylene Glycol 3350 + Electrolytes,173.565-212.135"
"Polygeline + Electrolytes,171171-209209"
"Polymyxin B Sulfate,171000.171-209000.209"
"Polysaccharide Diphtheria Toxoid Conjugate Vaccine,0.342-0.418"
"Polysaccharide Pneumococcal Vaccine,224.73-274.67"
"Ponatinib Hydrochloride,68.742-84.018"
"Posaconazole,102.6-125.4"
"Potassium Chloride,3.636-4.444"
"Potassium Citrate,71.82-87.78"
"Potassium Citrate + Citric Acid,119.7-146.3"
"Povidone Iodine,0.684-0.836"
"Pralidoxime Chloride,2.4075-2.9425"
"Pramipexole,7.8705-9.6195"
"Pramoxine Hydrochloride + Calamine,75.24-91.96"
"Prasarani Sandhan,76.95-94.05"
"Prasugrel Hydrochloride,11.349-13.871"
"Prazosin Hydrochloride,34.884-42.636"
"Precipitated Sulpher + Salicylic Acid,51.3-62.7"
"Prednisolone,1.89-2.31"
"Prednisolone + Neomycin Sulphate + Polymixin B Sulphate,3.42-4.18"
"Prednisolone Acetate,35.91-43.89"
"Pregabalin,2.907-3.553"
"Primaquine Phosphate,17.3115-21.1585"
"Proanthocyanidins,25.65-31.35"
"Probiotic Combination [10 Billion],25.65-31.35"
"Probiotic Combination [14 strains],34.2-41.8"
"Probiotic Combination [2.3 Billion],20.52-25.08"
"Probiotic Combination [20 Billion],18.81-22.99"
"Probiotic Combination [3.2 Billion],23.94-29.26"
"Probiotic Combination [4 Billion],9.918-12.122"
"Probiotic Combination [9 Billion],9.918-12.122"
"Procaine Penicillin + Benzyl Penicillin,1.71-2.09"
"Prochlorperazine Maleate,0.7875-0.9625"
"Procyclidine Hydrochloride,24.9165-30.4535"
"Progesterone (Capsule),22.23-27.17"
"Progesterone (Vaginal Pessary),133.038-162.602"
"Progesterone (Vaginal Gel),158.688-193.952"
"Promethazine Hydrochloride,0.792-0.968"
"Promethazine Hydrochloride (Injection),0.5355-0.6545"
"Promethazine Theoclate,5.3235-6.5065"
"Propafenone Hydrochloride,7.875-9.625"
"Propantheline Bromide,3.87-4.73"
"Proparacaine Hydrochloride,10.26-12.54"
"Propofol,7.6995-9.4105"
"Propranolol Hydrochloride,3.591-4.389"
"Propylthiouracil,4.446-5.434"
"Protamine Crystallised Insulin Aspart,2.052-2.508"
"Protein,16.416-20.064"
"Prucalopride Succinate,38.817-47.443"
"Pseudoephedrine + Guaiphenasine + Triprolidine,34.884-42.636"
"Pseudoephedrine Hydrochloride,1.368-1.672"
"Psyllium [Ispaghula Husk] + Senna Extract,36.594-44.726"
"Pumpkin [Cucurbita pepo],5.814-7.106"
"Pyrantel Pamoate,9.1485-11.1815"
"Pyridostigmine Bromide,41.724-50.996"
"Pyridoxine Hydrochloride,3.1995-3.9105"
"Pyridoxine Hydrochloride + Doxylamine Succinate,9.063-11.077"
"Quetiapine Fumarate,4.5135-5.5165"
"Quinine Sulfate,2.349-2.871"
"Qurs Mulayin [Scammony,2.736-3.344"
"Rabeprazole + Amoxicillin + Clarithromycin,4.788-5.852"
"Rabeprazole Sodium,342.855-419.045"
"Rabies Immunoglobulin,342.855-419.045"
"Rabies Vaccine,11.115-13.585"
"Racecadotril,2.223-2.717"
"Racepinephrine,12.141-14.839"
"Ramelteon,16.7715-20.4985"
"Ramipril,3.438-4.202"
"Ramipril + Hydrochlorothiazide,35.91-43.89"
"Ramucirumab,34.2765-41.8935"
"Ranibizumab,34.2765-41.8935"
"Ranitidine Hydrochloride,5.7555-7.0345"
"Ranolazine,12.312-15.048"
"Rasagiline,30.78-37.62"
"Recombinant Follicle Stimulating Hormone (rFSH),34.884-42.636"
"Red Clover [Trifolium Pratense],13.338-16.302"
"Red Clover Isoflavones,8.208-10.032"
"Regorafenib,187.8705-229.6195"
"Rehmin,87.552-107.008"
"Relugolix,119.7-146.3"
"Remdesivir,36.252-44.308"
"Repaglinide,4.104-5.016"
"Retapamulin,3.933-4.807"
"Rhubarb + Ginger,2.565-3.135"
"Rhubarb Extract + Salicylic Acid,14.1255-17.2645"
"Ribavirin,17.1-20.9"
"Riboflavin,20.5875-25.1625"
"Rifampicin,9.693-11.847"
"Rifampicin + Isoniazid,3.2445-3.9655"
"Rifampicin + Isoniazid + Pyrazinamide,6.0255-7.3645"
"Rifampicin + Isoniazid + Pyrazinamide + Ethambutol,22.95-28.05"
"Rifaximin,113.715-138.985"
"Riluzole,277.875-339.625"
"Ringer's Lactate Solution,239.4-292.6"
"Risedronate Sodium,5.4315-6.6385"
"Risedronate Sodium + Calcium,19.7955-24.1945"
"Risperidone (Injection),42.75-52.25"
"Risperidone (Oral),3.2625-3.9875"
"Ritodrine Hydrochloride,481.545-588.555"
"Rituximab,49.59-60.61"
"Rivaroxaban,78.6105-96.0795"
"Rivastigmine Tartrate,15.561-19.019"
"Rizatriptan Benzoate,12.0375-14.7125"
"Rocuronium Bromide,8.55-10.45"
"Roflumilast,71.82-87.78"
"Rohitakarista,70.4655-86.1245"
"Ropinirole,3.078-3.762"
"Rosiglitazone + Metformin Hydrochloride,19.494-23.826"
"Rosuvastatin,2.052-2.508"
"Rotavirus Vaccine,205.542-251.218"
"Roxadustat,85.5-104.5"
"Roxithromycin,22.752-27.808"
"Rupatadine Fumarate,105.336-128.744"
"Ruxolitinib,1.0575-1.2925"
"Saccharin Sodium,5.5035-6.7265"
"Saccharomyces Boulardii,49.248-60.192"
"Sacubitril + Valsartan,24.795-30.305"
"Saffron + Mace arillus + Nutmeg fruit,18.981-23.199"
"Saffron + Sand Lizard + Nutmeg fruit,15.732-19.228"
"Salajeet [Mineral Pitch,68.4-83.6"
"Salbutamol,68.4855-83.7045"
"Salbutamol (Inhaler),136.8-167.2"
"Salbutamol + Ipratropium (Inhaler),75.24-91.96"
"Salbutamol + Ipratropium (Solution for inhalation),35.226-43.054"
"Salep + Coconut + Poppy Seeds +  Almond,68.4-83.6"
"Salicylic Acid,10.26-12.54"
"Salicylic Acid + Lactic Acid,42.75-52.25"
"Salmeterol + Fluticasone Propionate,70.11-85.69"
"Salmeterol Xinafoate,68.742-84.018"
"Salmon Calcitonin,68.742-84.018"
"Salvia Officinalis,37.62-45.98"
"S-Amlodipine Besilate (Levamlodipine),35.568-43.472"
"Sana + Revand Chini + Neem + Chirata + Tulsi,70.452-86.108"
"Sanjivani Rasayan,85.5-104.5"
"Sanoon Babla,85.5-104.5"
"Saribadyarista,75.24-91.96"
"Saw Palmetto (160 mg),8.892-10.868"
"Saw palmetto (500 mg),14.364-17.556"
"Saxagliptin,14.1795-17.3305"
"Secnidazole,54.261-66.319"
"Secukinumab,102.6-125.4"
"Selexipag,2.052-2.508"
"Semaglutide (Injection),0.171-0.209"
"Semaglutide (Tablet),0.7695-0.9405"
"Sennosides,7.2675-8.8825"
"Sertaconazole Nitrate,10.881-13.299"
"Sertraline Hydrochloride,11.1195-13.5905"
"Sesame oil + Cactus extract + Beeswax,283.86-346.94"
"Sevelamer Carbonate,27.36-33.44"
"Sevelamer Hydrochloride,95.76-117.04"
"Sevoflurane,239.4-292.6"
"Sharbat Amla,188.1-229.9"
"Sharbat Musaffi,24.966-30.514"
"Sildenafil Citrate,13.68-16.72"
"Silodosin,12.996-15.884"
"Silver Sulfadiazine,8.55-10.45"
"Silymarin [Milk thistle],8.55-10.45"
"Simethicone,6.876-8.404"
"Simvastatin,14.067-17.193"
"Sitagliptin,14.706-17.974"
"Sitagliptin + Metformin Hydrochloride,6.498-7.942"
"Snake Venom Antiserum,71.82-87.78"
"Sodium Alginate + Potassium Bicarbonate,69.4305-84.8595"
"Sodium Alginate + Sodium Bicarbonate + Calcium Carbonate,10.26-12.54"
"Sodium Bicarbonate,4.122-5.038"
"Sodium Chloride (Intravenous Solution),102.6-125.4"
"Sodium Chloride (Nasal preparation),6.84-8.36"
"Sodium Chloride (Ophthalmic Solution),3.762-4.598"
"Sodium Chloride (Tablet),2.052-2.508"
"Sodium Chloride + Dextrose,256.5-313.5"
"Sodium Chloride + Potassium Chloride + Sodium Acetate,176.13-215.27"
"Sodium Cromoglicate [2%],6.84-8.36"
"Sodium Cromoglicate [4%],44.46-54.34"
"Sodium Cromoglicate + Xylometazoline Hydrochloride,56.43-68.97"
"Sodium Dihydrogen Phosphate + Disodium Hydrogen Phosphate,56.43-68.97"
"Sodium Fluoride (Mouthwash),74.664-91.256"
"Sodium Fusidate (Oral),29.07-35.53"
"Sodium Fusidate (Topical),5.814-7.106"
"Sodium Hyaluronate (Injection),4.104-5.016"
"Sodium Hyaluronate (Ophthalmic),6.84-8.36"
"Sodium Hyaluronate + Carboxymethylcellulose Sodium,4.788-5.852"
"Sodium Hypochlorite,35.568-43.472"
"Sodium Picosulfate,58.14-71.06"
"Sodium Picosulfate + Magnesium Oxide + Citric Acid,5.472-6.688"
"Sodium Polystyrene Sulfonate,6.84-8.36"
"Sodium Succinate + Cytochrome C + Adenosine + Nicotinamide,2.034-2.486"
"Sodium Thiosulfate,34.3575-41.9925"
"Sodium Valproate,295.569-361.251"
"Sofosbuvir,120.042-146.718"
"Sofosbuvir + Velpatasvir,10.602-12.958"
"Solifenacin Succinate,5.814-7.106"
"Somatostatin,1.539-1.881"
"Somatropin,102.942-125.818"
"Sorafenib Tosylate,54.72-66.88"
"Sotalol Hydrochloride,12.312-15.048"
"Sparfloxacin,4.788-5.852"
"Spectinomycin,7.569-9.251"
"Spiramycin,13.0635-15.9665"
"Spironolactone,7.011-8.569"
"Spirulina,3.762-4.598"
"St. John’s Wort,6.156-7.524"
"Stevia Rebaudiana,6.156-7.524"
"Steviol Glycoside,1.539-1.881"
"Streptokinase,68.913-84.227"
"Sucralfate,5.472-6.688"
"Sucralose,0.8055-0.9845"
"Sucralose + Acesulfame Potassium,5.472-6.688"
"Sulconazole Nitrate,8.55-10.45"
"Sulfacetamide sodium,6.84-8.36"
"Sulfasalazine,5.148-6.292"
"Sulindac,3.0555-3.7345"
"Sulphadoxine + Pyrimethamine,2.601-3.179"
"Sulphamethoxazole + Trimethoprim,51.642-63.118"
"Sulphonated Surfactant,54.72-66.88"
"Sumatriptan,345.42-422.18"
"Sunitinib,2.052-2.508"
"Super antioxidant [vitamins & minerals],2.3085-2.8215"
"Suranjan,12.996-15.884"
"Suvorexant,9.234-11.286"
"Suxamethonium Chloride,1.368-1.672"
"Suzark [Chir Pine,2.052-2.508"
"Tabkheer,18.189-22.231"
"Tacrolimus (Oral),19.872-24.288"
"Tacrolimus (Topical),27.36-33.44"
"Tadalafil,4.446-5.434"
"Tafluprost,6.534-7.986"
"Tamoxifen Citrate,5.472-6.688"
"Tamsulosin  Hydrochloride,9.576-11.704"
"Tamsulosin Hydrochloride + Dutasteride,14.733-18.007"
"Tapentadol Hydrochloride,10.944-13.376"
"Tart Cherry,15.39-18.81"
"Tazarotene,15.39-18.81"
"Tea tree oil + Echinacea + Geothermal water,23.94-29.26"
"Tea tree oil + Geothermal water (eye),152.19-186.01"
"Tea tree oil + Geothermal water (hair & body),177.84-217.36"
"Tea Tree Oil + Geothermal Water + Vitamin E,212.04-259.16"
"Tedizolid Phosphate,70.452-86.108"
"Tegaserod,138.852-169.708"
"Teicoplanin,175.68-214.72"
"Telbivudine,114.4845-139.9255"
"Telmisartan,9.576-11.704"
"Telmisartan + Hydrochlorothiazide,6.498-7.942"
"Temazepam,225.72-275.88"
"Temozolomide,17.442-21.318"
"Tenecteplase,68.4-83.6"
"Tenofovir Alafenamide,63.27-77.33"
"Tenofovir Disoproxil Fumarate,33.1965-40.5735"
"Tenoxicam,5.472-6.688"
"Terazosin Hydrochloride,43.776-53.504"
"Terbinafine Hydrochloride,35.91-43.89"
"Terbutaline Sulfate,27.531-33.649"
"Teriparatide,30.267-36.993"
"Terlipressin Acetate,3.249-3.971"
"Testosterone Decanoate,14.2875-17.4625"
"Testosterone Undecanoate,7.182-8.778"
"Tetanus Antitoxin [Equine],12.312-15.048"
"Tetrabenazine,8.55-10.45"
"Tetracycline Hydrochloride (Ophthalmic),2.358-2.882"
"Tetracycline Hydrochloride (Oral),7.1145-8.6955"
"Tetracycline Hydrochloride (Topical),17.1-20.9"
"Thalidomide,44.46-54.34"
"Theophylline,34.65-42.35"
"Thiamine Hydrochloride,171.2385-209.2915"
"Thiopental Sodium,5.472-6.688"
"Thiotepa,39.33-48.07"
"Thymus Vulgaris Extracts,41.5755-50.8145"
"Tibolone,32.49-39.71"
"Ticagrelor,14.364-17.556"
"Ticlopidine Hydrochloride,36.594-44.726"
"Tiemonium Methylsulphate,17.784-21.736"
"Tigecycline,34.2-41.8"
"Tila Jadeed [Madar,3.42-4.18"
"Timolol Maleate,3.6765-4.4935"
"Tinidazole,21.6045-26.4055"
"Tioconazole,7.524-9.196"
"Tiotropium (Dry Powder Inhaler),22.914-28.006"
"Titanium dioxide + Butyl methoxydibenzoyl methane + Padimate + Oxybenzone,24.462-29.898"
"Tizanidine Hydrochloride,3.42-4.18"
"Tobramycin (Nebuliser Solution),3.42-4.18"
"Tobramycin (Ophthalmic),7.866-9.614"
"Tocilizumab,5.436-6.644"
"Tocotrienol + Tocopherol,32.49-39.71"
"Tofacitinib,13.68-16.72"
"Tolfenamic acid,6.156-7.524"
"Tolnaftate,3.762-4.598"
"Tolperisone + Lidocaine,4.446-5.434"
"Tolperisone Hydrochloride,6.156-7.524"
"Tolterodine Tartrate,24.624-30.096"
"Tolvaptan,27.36-33.44"
"Topiramate,2.736-3.344"
"Topotecan,5.13-6.27"
"Torasemide,3.42-4.18"
"Torsemide,12.348-15.092"
"Tramadol Hydrochloride,8.6985-10.6315"
"Tranexamic Acid,206.91-252.89"
"Trastuzumab,205.2-250.8"
"Trastuzumab Emtansine,35.226-43.054"
"Travoprost,2.052-2.508"
"Travoprost + Timolol Maleate,181.089-221.331"
"Trelagliptin Succinate,169.6725-207.3775"
"Tretinoin (Oral),85.815-104.885"
"Tretinoin (Topical),6.84-8.36"
"Triamcinolone + Neomycin + Nystatin + Gramicidin,2.052-2.508"
"Triamcinolone Acetonide (Injection),41.382-50.578"
"Triamcinolone Acetonide (Nasal Spray),44.46-54.34"
"Triamcinolone Acetonide (Topical),8.55-10.45"
"Trifarotene,6.327-7.733"
"Trifluoperazine,2.223-2.717"
"Trifluridine,18.81-22.99"
"Trihexyphenidyl Hydrochloride,3.078-3.762"
"Trimebutine Maleate,6.84-8.36"
"Trimetazidine Dihydrochloride,2.736-3.344"
"Tropicamide,1.917-2.343"
"Tropicamide + Phenylephrine + Lidocaine,1.917-2.343"
"Tropicamide + Phenylephrine Hydrochloride,4.788-5.852"
"Trospium Chloride,3.42-4.18"
"Trypan Blue,25.992-31.768"
"TTO Thermal Toothpaste,46.17-56.43"
"Tulobuterol Hydrochloride,1.026-1.254"
"Typhoid Polysaccharide Vaccine,68.571-83.809"
"Ulipristal Acetate [For emergency contraception],85.5-104.5"
"Ulipristal Acetate [For uterine fibroids],22.23-27.17"
"Undenatured Type II Collagen,15.39-18.81"
"Undenatured Type II Collagen + Glucosamine sulfate + Boswellia serrata + Boron,18.81-22.99"
"Undenatured Type II Collagen + Glucosamine Sulfate + Chondroitin Sulfate,106.02-129.58"
"Upadacitinib,78.66-96.14"
"Urea (10%),15.39-18.81"
"Urea (25%),13.68-16.72"
"Urokinase,20.52-25.08"
"Ursodeoxycholic Acid,29.4885-36.0415"
"Valacyclovir,17.1-20.9"
"Valerian Root,294.12-359.48"
"Valganciclovir,314.7345-384.6755"
"Valsartan,24.3495-29.7605"
"Valsartan + Hydrochlorothiazide,173.052-211.508"
"Vancomycin Hydrochloride,20.862-25.498"
"Vardenafil,16.074-19.646"
"Varenicline Tartrate,5.301-6.479"
"Varicella Virus Vaccine,0.4455-0.5445"
"Vaskar Laban [Piper + Zingiber + Cinnamomum],3.6945-4.5155"
"Vecuronium Bromide,6.84-8.36"
"Venetoclax,29.0925-35.5575"
"Venlafaxine Hydrochloride,4.2975-5.2525"
"Verapamil Hydrochloride,34.884-42.636"
"Vericiguat,18.81-22.99"
"Verteporfin,46.17-56.43"
"Vilanterol + Umeclidinium + Fluticasone Furoate,41.04-50.16"
"Vilanterol Trifenatate + Fluticasone Furoate,24.624-30.096"
"Vilazodone Hydrochloride,21.5685-26.3615"
"Vildagliptin,15.4125-18.8375"
"Vildagliptin + Metformin Hydrochloride,8.55-10.45"
"Vinblastine Sulfate,4.104-5.016"
"Vincristine Sulfate,17.442-21.318"
"Vinorelbine Tartrate,6.7635-8.2665"
"Vinpocetine,1.368-1.672"
"Vitamin A,69.048-84.392"
"Vitamin B complex,1.161-1.419"
"Vitamin B complex + Vitamin C,35.226-43.054"
"Vitamin B Complex + Zinc,1.368-1.672"
"Vitamin B1,68.4-83.6"
"Vitamin B12 + Elemental Iron + Folic Acid,41.04-50.16"
"Vitamin B6,2.736-3.344"
"Vitamin C,6.84-8.36"
"Vitamin C [Ascorbic acid],1.2825-1.5675"
"Vitamin C + Vitamin D3 + Folic acid,3.087-3.773"
"Vitamin C + Vitamin E,2.907-3.553"
"Vitamin D3 + Vitamin K1 + Vitamin K2,12.312-15.048"
"Vitamin E [Alpha Tocopherol Acetate],1.368-1.672"
"vitamins [C,5.472-6.688"
"Voglibose,4.104-5.016"
"Voriconazole,13.68-16.72"
"Warfarin Sodium,3.762-4.598"
"Water for injection,2.394-2.926"
"White Damar + Acacia + Bole Rubra,51.984-63.536"
"White Soft Paraffin + Liquid Paraffin,10.26-12.54"
"White soft paraffin + Liquid paraffin + Wool alcohol,6.84-8.36"
"Xylometazoline Hydrochloride,3.591-4.389"
"Yellow Fever Vaccine,13.851-16.929"
"Yohimbine Hydrochloride,19.242-23.518"
"Zafirlukast,10.2825-12.5675"
"Zaleplon,3.762-4.598"
"Zinc Orotate,3.42-4.18"
"Zinc Oxide,25.65-31.35"
"Zinc Oxide [Microfine],22.23-27.17"
"Zinc oxide + Benzyl alcohol + Benzyl benzoate + Benzyl cinnamate + Lanolin,25.65-31.35"
"Zinc oxide + Ethylhexyl Methoxycinnamate + 4-Methylbenzylidene Camphor + Butyl Methoxydibenzoylmethane,37.62-45.98"
"Zinc Oxide + Virgin Castor Oil,51.3-62.7"
"Zinc Sulfate Monohydrate,3.762-4.598"
"Ziprasidone,3.078-3.762"
"Zoledronic Acid [For hypercalcemia],35.568-43.472"
"Zoledronic Acid [For osteoporosis],42.8085-52.3215"
"Zolmitriptan,6.4845-7.9255"
"Zolpidem Tartrate,6.8265-8.3435"
"Zonisamide,8.559-10.461"
"Zopiclone,8.8785-10.8515"
"Zuclopenthixol,0.342-0.418"
